file_name;key_repr
xortool_out/00.out;b'\xf2'
xortool_out/01.out;b'\xf3'
xortool_out/02.out;b'\xf0'
xortool_out/03.out;b'\xf1'
xortool_out/04.out;b'\xf6'
xortool_out/05.out;b'\xf7'
xortool_out/06.out;b'\xf4'
xortool_out/07.out;b'\xf5'
xortool_out/08.out;b'\xfa'
xortool_out/09.out;b'\xfb'
xortool_out/10.out;b'\xa3'
xortool_out/11.out;b'\xa0'
xortool_out/12.out;b'\xa1'
xortool_out/13.out;b'\xa6'
xortool_out/14.out;b'\xa7'
xortool_out/15.out;b'\xa4'
xortool_out/16.out;b'\xa5'
xortool_out/17.out;b'\xaa'
xortool_out/18.out;b'\xab'
xortool_out/19.out;b'\xa8'
xortool_out/20.out;b'\xa9'
xortool_out/21.out;b'\xae'
xortool_out/22.out;b'\xaf'
xortool_out/23.out;b'\xac'
xortool_out/24.out;b'\xad'
xortool_out/25.out;b'\xb2'
xortool_out/26.out;b'\xb3'
xortool_out/27.out;b'\xb0'
xortool_out/28.out;b'\xb1'
xortool_out/29.out;b'\xb6'
xortool_out/30.out;b'\xb7'
xortool_out/31.out;b'\xb4'
xortool_out/32.out;b'\xb5'
xortool_out/33.out;b'\xba'
xortool_out/34.out;b'\xbb'
xortool_out/35.out;b'\xb8'
xortool_out/36.out;b'\x83'
xortool_out/37.out;b'\x80'
xortool_out/38.out;b'\x81'
xortool_out/39.out;b'\x86'
xortool_out/40.out;b'\x87'
xortool_out/41.out;b'\x84'
xortool_out/42.out;b'\x85'
xortool_out/43.out;b'\x8a'
xortool_out/44.out;b'\x8b'
xortool_out/45.out;b'\x88'
xortool_out/46.out;b'\x89'
xortool_out/47.out;b'\x8e'
xortool_out/48.out;b'\x8f'
xortool_out/49.out;b'\x8c'
xortool_out/50.out;b'\x8d'
xortool_out/51.out;b'\x92'
xortool_out/52.out;b'\x93'
xortool_out/53.out;b'\x90'
xortool_out/54.out;b'\x91'
xortool_out/55.out;b'\x96'
xortool_out/56.out;b'\x97'
xortool_out/57.out;b'\x94'
xortool_out/58.out;b'\x95'
xortool_out/59.out;b'\x9a'
xortool_out/60.out;b'\x9b'
xortool_out/61.out;b'\x98'
xortool_out/62.out;b'\xe3'
xortool_out/63.out;b'\xe0'
xortool_out/64.out;b'\xe1'
xortool_out/65.out;b'\xe6'
xortool_out/66.out;b'\xe7'
xortool_out/67.out;b'\xe4'
xortool_out/68.out;b'\xe5'
xortool_out/69.out;b'\xea'
xortool_out/70.out;b'\xeb'
xortool_out/71.out;b'\xe8'
xortool_out/72.out;b'\xe9'
xortool_out/73.out;b'\xee'
xortool_out/74.out;b'\xef'
xortool_out/75.out;b'\xec'
xortool_out/76.out;b'\xed'
xortool_out/77.out;b'\xf8'
xortool_out/78.out;b'\xf9'
xortool_out/79.out;b'\xfe'
xortool_out/80.out;b'\xff'
xortool_out/81.out;b'\xfc'
xortool_out/82.out;b'\xfd'
xortool_out/83.out;b'\x82'
xortool_out/84.out;b'\x99'
xortool_out/85.out;b'\x9e'
xortool_out/86.out;b'\x9f'
xortool_out/87.out;b'\x9c'
xortool_out/88.out;b'\x9d'
xortool_out/89.out;b'\xa2'
xortool_out/90.out;b'\xb9'
xortool_out/91.out;b'\xbe'
xortool_out/92.out;b'\xbf'
xortool_out/93.out;b'\xbc'
xortool_out/94.out;b'\xe2'
xortool_out/95.out;b'\xcb'
xortool_out/96.out;b'\xc8'
xortool_out/97.out;b'\xcf'
xortool_out/98.out;b'\xc9'
xortool_out/99.out;b'\xce'
